date,income_studentfinance,income_other,income_options,income_work,groceries,alchohol,rent,tax,travel,books_education,books_other,entertainment,eatingout,clothing,nightout,pub,utilities,investing,getrichquick,lpig,sport,other,end,total,outby
08/04/2019,0,0,0,0,-45.52,-13.3,0,0,0,0,0,0,-33.28,0,-12.85,0,0,0,0,0,0,0,-116.35,489.18,11.4
15/04/2019,0,20,0,0,-58.38,-26.74,-483.34,0,-12.07,0,0,0,-17.5,0,-4,-16.4,0,0,0,0,0,-8.5,-151.53,-125.69,7.94
22/04/2019,0,0,0,0,-50.72,-9.75,0,0,0,0,0,-11.15,0,0,-7.9,-17.1,0,0,0,0,0,0,-96.62,-222.31,0
29/04/2019,1000,0,0,0,-63.47,-6.8,0,0,0,0,0,0,-6,-10,0,-21.3,-30,0,0,0,0,0,-97.57,640.12,0
06/05/2019,0,0,0,0,-52.19,-20.7,0,0,0,0,0,0,-9.1,0,0,-20,0,0,0,0,0,0,-124.19,515.93,22.2
13/05/2019,1750,0,0,0,-77.12,-18.15,-483.34,0,0,0,0,0,0,0,0,0,0,0,0,0,0,0,-95.42,1687.17,0.15
20/05/2019,0,30,0,0,-66.13,-7.94,0,0,-13.62,0,0,-2.92,-8.98,-43,-24,-22,0,0,0,0,0,-10,-156.49,1517.68,0.9
27/05/2019,500,50,0,0,-54.38,-16.01,0,0,0,-13.91,0,0,-24.2,-87.5,0,-10.7,-31,0,0,0,0,0,-123.57,1825.61,4.37
03/06/2019,0,0,0,96.93,-55.91,-17.2,0,0,0,0,0,0,0,0,0,-14.9,0,0,0,0,0,-13.99,-110.79,1811.75,8.79
10/06/2019,0,0,0,0,-70.6,-10.5,0,0,0,0,0,0,0,0,0,0,0,-1260,0,0,0,0,-80.89,470.86,-0.21
17/06/2019,0,0,0,0,-61.06,-27.84,-483.34,0,0,0,0,0,0,0,0,-23.8,0,0,0,0,0,-3.49,-119.07,-131.55,2.88
24/06/2019,0,50,0,0,-63.33,-7.29,0,0,0,0,0,0,-8.5,0,0,-12.9,0,0,0,0,0,0,-103.27,-184.82,11.25
01/07/2019,500,475,0,673.24,-46.35,-41.3,-475,0,-12.59,0,0,0,0,-10,0,-21.77,-23.3,-120,0,0,0,-68.11,-198.85,636.27,8.73
08/07/2019,0,207,0,0,-44.5,-26.49,0,0,-216.2,0,0,0,0,0,-10,-36.95,0,0,0,0,0,0,-126.67,500.4,8.73
15/07/2019,0,100,0,0,-52.3,-8.08,-513.34,0,0,0,0,0,0,0,0,0,0,0,0,0,0,-3.99,-73.1,13.9600000000004,8.73
22/07/2019,0,120,0,0,-13.79,-5.55,0,0,-5.15,0,0,-26.48,-6.88,0,0,0,0,0,0,0,0,0,-60.63,73.3300000000004,2.78
29/07/2019,500,0,0,994.66,-72.03,-11.35,-475,0,-4.58,0,0,0,-19.08,0,0,-43.4,-18.33,0,0,0,0,-24.01,-163.7,910.96,-10.75
05/08/2019,0,53.9,0,0,-48.41,-9.2,0,0,0,0,0,0,-6.6,0,0,-38.4,0,-250,0,0,0,-66.43,-193.29,521.57,24.25
12/08/2019,0,0,0,0,-63.14,-15.7,0,0,0,-13.66,0,0,-8,-60.99,0,-24.8,0,0,0,0,0,-12.67,-148.12,312.46,10.15
19/08/2019,0,0,0,0,-67.86,-6.2,0,0,0,0,0,0,-8.32,0,-8.7,-37.13,0,0,0,0,0,-16.98,-145.19,167.27,0
26/08/2019,0,0,0,1063.89,-78.92,-2.44,-490,0,0,0,0,0,0,0,0,-39.35,0,-110,0,0,-33.75,-9.86,-135.32,462.090000000001,4.75
02/09/2019,0,100,0,0,-57.94,-17.8,0,0,0,0,0,0,-11.3,0,0,-6.75,-135,-50,0,0,0,-10,-106.11,270.980000000001,2.32
09/09/2019,0,0,0,0,-60.12,-2.5,0,0,-5.93,0,0,0,-28.1,0,-54.3,-35.4,0,0,0,0,0,-3.99,-198.79,72.1900000000005,8.45
16/09/2019,2791.14,0,0,0,-68.35,-18.38,0,0,0,0,-11.43,0,0,0,0,-24.5,0,-1000,0,0,0,-14.71,-138.17,1725.16,0.8
23/09/2019,0,0,0,895.11,-71.52,-5,0,0,-4.2,0,0,0,-15.44,0,-8.5,-6.5,0,-90,0,0,0,-26.73,-137.26,2393.01,-0.63
30/09/2019,0,100,0,0,-42.84,-6.75,-490,0,0,0,0,0,-5.39,0,0,-34.85,0,0,0,0,-67.5,-23.99,-111.5,1824.01,-2.32
07/10/2019,0,0,0,0,-82.14,-6.75,0,0,0,0,0,0,0,-10,0,-14.55,-24.51,0,0,0,0,-17.98,-121.42,1668.08,0
14/10/2019,0,0,0,0,-57.33,-6.25,0,0,-6.02,-6.63,0,0,-7.27,0,-10,-35.9,0,0,0,0,-24.5,0,-129.58,1514,0.18
21/10/2019,0,75,0,501.57,-60.88,-16.95,0,0,0,0,0,0,-16.5,0,0,-17.7,0,0,0,0,0,-19.74,-133.91,1956.66,2.14
28/10/2019,0,3650,0,0,-58.66,-2.74,-490,0,0,0,0,0,-16.49,0,0,-17.85,0,-3500,0,0,-33.75,-48.67,-144.41,1438.5,0
04/11/2019,0,0,0,0,-51.49,-7.07,0,0,0,0,0,0,-13.05,0,0,-10.5,0,0,0,0,0,0,-82.11,1356.39,0
11/11/2019,0,0,0,0,-77.03,-7.5,0,0,-88.05,0,0,0,-11.67,0,0,-17.2,0,0,0,0,0,-39.27,-152.67,1115.67,0
18/11/2019,0,10,0,672.06,-58.1,-13.13,0,0,-1.85,0,0,0,-10,0,-20,-35.35,0,0,0,0,0,-10,-148.43,1649.3,0
25/11/2019,0,150,0,0,-58.18,-9.35,-490,0,0,0,0,0,-21.14,0,0,-5.6,0,-100,0,0,-33.75,-36.74,-131.01,1044.54,0
02/12/2019,0,20,0,0,-59.63,-18.27,0,0,0,0,0,0,-5.89,-10,0,0,0,0,0,0,0,-9.99,-93.78,960.76,0
09/12/2019,0,0,0,0,-64.06,-17.95,0,0,0,0,0,0,-11.67,0,0,-6.5,0,0,0,0,0,-3.99,-104.17,856.59,0
16/12/2019,0,50,0,680.82,-65.76,-15.75,0,0,-2,0,0,-14.51,-12.64,-10,0,-24.25,0,-250,0,0,0,-29.95,-167.05,1160.36,2.19
23/12/2019,0,45,0,0,-15.81,-26.3,0,0,0,0,0,0,0,-11.05,-42.55,-7,0,0,0,0,0,-15,-106.66,1087.65,0
30/12/2019,0,100,0,0,-52.93,-15.08,-490,0,0,0,0,0,-31.24,0,0,0,-49.41,-490,0,0,-33.75,-18.48,-120.2,4.28999999999954,2.47
06/01/2020,0,0,0,0,-78.97,0,0,0,-4.78,-8.31,0,0,0,0,0,0,0,0,0,0,0,-12.49,-104.55,-100.26,0
13/01/2020,2791.14,20,0,641.19,-68.63,-7.5,0,0,-19.75,0,0,0,0,0,0,-33.27,0,-2500,0,0,0,-3.9,-138.22,713.85,5.17
20/01/2020,0,0,0,0,-60,-6.2,0,0,0,-10.99,0,0,-6.25,0,-35.3,-20.8,0,0,0,0,0,0,-144.75,569.1,5.21
27/01/2020,0,1100,0,0,-59.13,0,-490,0,0,0,0,0,-7.5,-22.7,-5,-11.85,0,0,-457.43,0,-33.75,0,-93.92,571.3,10.44
03/02/2020,0,0,0,0,-52.07,-8.93,0,0,-10,0,0,0,-8.56,0,0,-21,0,0,0,0,0,-18.98,-129.18,442.12,9.64
10/02/2020,0,0,0,549.52,-60.71,-15.8,0,0,0,0,0,0,-8.8,0,0,-12,0,0,0,0,0,-8.98,-119.06,872.58,12.77
17/02/2020,0,1750,0,0,-54.02,-6.6,0,0,-2,0,0,0,-23.35,0,0,0,0,-1500,0,0,0,-5,-82.05,1040.53,-8.92
24/02/2020,0,100,0,0,-54.61,-13.7,-490,0,0,0,0,0,0,-58.98,-4.9,-21.65,0,0,0,0,-33.75,0,-102.86,454.94,8
02/03/2020,0,0,0,0,-71.52,-15.55,0,0,0,-9,0,0,0,0,-5.1,-22.08,0,0,-154.66,0,0,-14.99,-151.68,148.6,13.44
09/03/2020,0,50,0,575.16,-62.42,-5,0,0,0,0,0,-14.9,-14.2,0,0,-25.35,0,0,0,0,0,0,-133.76,639.999999999999,11.89
16/03/2020,0,0,0,0,-62.27,-8.5,0,0,0,0,0,0,0,0,-12,-9,0,0,0,0,0,0,-91.77,548.229999999999,0
23/03/2020,0,50,0,0,-53.05,-10.5,0,0,0,0,0,0,0,0,0,0,0,0,0,0,0,0,-58.44,539.79,-5.11
30/03/2020,0,100,0,0,-37.53,-15.5,-490,0,0,0,0,0,0,0,0,0,0,0,-165.86,0,-33.75,-13.98,-62.02,-111.840000000001,-4.99
06/04/2020,0,0,0,197.61,-56.77,0,0,0,0,0,0,0,0,0,0,0,0,0,0,0,0,-45.43,-102.2,-16.4300000000005,0
13/04/2020,0,0,0,0,-52.07,-12,0,0,0,0,0,0,0,0,0,0,0,0,0,0,0,-20.36,-84.43,-100.860000000001,0
20/04/2020,2875.72,0,0,0,-54.24,-28,0,0,0,0,0,0,0,0,0,0,0,0,0,0,0,-7.19,-79.4,2695.46,-10.03
27/04/2020,0,4960,0,0,-51.34,-8.8,-490,0,0,0,0,0,0,0,0,0,0,0,0,0,-33.75,-90.99,-151.13,6980.58,0
04/05/2020,0,0,0,0,-56.88,-13.3,0,0,0,-9.95,0,0,0,0,0,0,0,0,0,0,0,-9.99,-91.69,6888.89,1.57
11/05/2020,0,0,0,0,-61.16,-3.7,0,0,0,0,0,0,0,0,0,0,0,0,-2131.84,0,0,-3.99,-68.85,4688.2,0
18/05/2020,0,1750,-1939.91,0,-36.82,0,0,0,0,0,0,0,0,0,0,0,0,0,-1283.79,0,0,0,-36.82,5117.59,0
25/05/2020,0,50,0,0,-73.17,-13.5,-237.5,0,0,-17.71,0,0,0,0,0,0,0,0,-429.12,0,0,-21,-125.38,4375.59,0
01/06/2020,0,100,0,0,-58.5,-14.47,-980,0,0,0,0,0,0,0,0,0,0,0,0,0,-33.75,-9.99,-82.96,3378.88,0
08/06/2020,0,0,0,0,-56.95,-14.48,0,0,0,0,0,0,0,0,0,0,0,0,0,0,0,-10.25,-81.68,3297.2,0
15/06/2020,0,0,0,0,-52,-13.6,0,0,0,0,0,0,0,0,0,0,0,0,-162.29,0,0,-4.1,-73.96,3060.95,4.26
22/06/2020,0,0,0,0,-62.47,-11.7,0,0,0,0,0,0,0,0,0,0,0,0,0,0,0,-56.99,-129.89,2931.06,-1.27
29/06/2020,0,170,0,0,-41.64,0,-980,0,0,0,0,0,0,0,0,0,0,0,0,0,-33.75,-48.97,-93.21,1994.1,2.6
06/07/2020,0,0,0,0,-65.86,-28.15,0,0,0,0,0,0,-13.45,0,0,0,0,0,0,0,0,-37.85,-145.31,1848.79,0
13/07/2020,0,880,0,0,-62.23,-17,0,0,0,0,0,0,0,0,0,0,0,0,-162.22,0,0,-7.97,-87.2,2479.37,0
20/07/2020,0,0,0,0,-60.84,-5.4,0,0,0,0,0,0,0,-13,0,0,0,0,0,0,0,-30.31,-96.55,2369.82,0
27/07/2020,0,850,0,0,-42.14,-13.6,-980,0,0,0,0,0,-22.84,0,0,0,0,0,-812.95,0,-33.75,-9.99,-88.57,1304.55,0
03/08/2020,0,2050,0,0,-49.12,-8.75,0,0,0,0,0,0,0,-20,0,0,0,0,-1002.49,0,0,0,-57.87,2274.19,0
10/08/2020,0,2000,0,0,-52.79,-2.5,0,0,0,0,0,0,-10.7,0,0,0,0,0,-1366.43,0,0,-7.99,-73.98,2833.78,0
17/08/2020,0,0,0,0,-56.07,-1.25,0,0,0,0,0,0,-13.5,0,0,0,0,0,-415.76,0,0,-15,-85.82,2332.2,0
24/08/2020,0,0,0,0,-32.32,-6.1,0,0,0,0,0,0,-62.2,0,0,0,0,0,0,0,0,-91.2,-191.82,2140.38,0
31/08/2020,0,590,0,0,-24.45,0,-980,0,0,0,0,0,0,0,0,0,0,0,0,0,-33.75,-9.99,-20.93,1695.7,-13.51
07/09/2020,0,60,0,0,-18.56,0,0,0,0,0,0,0,-223.33,0,0,0,0,0,0,0,0,-103.47,-345.36,1410.34,0
14/09/2020,0,0,0,0,-50.6,-6.6,0,0,0,0,0,0,-10,0,0,0,0,0,-154.38,0,0,-98.13,-157.95,1098.01,-7.38
21/09/2020,0,0,0,0,-58.95,-7.5,0,0,0,0,0,0,-19.97,-79,0,0,0,0,0,0,0,-17.49,-122.32,896.690000000002,18.41
28/09/2020,0,590,0,0,-30.7,-8.99,-980,0,0,0,0,0,-20,-13,0,0,0,0,0,0,-33.75,-18.97,-88.05,371.890000000002,9.39
05/10/2020,0,285,0,0,-60.32,-7.8,0,0,0,0,0,0,-11.68,0,0,0,0,0,0,0,0,0,-79.8,577.090000000002,0
12/10/2020,0,0,0,0,-52.46,0,0,0,0,0,0,0,-24.6,0,0,0,0,0,-157.39,0,0,-11.98,-119.74,299.960000000002,30.7
19/10/2020,0,25,0,0,-20.73,-24.35,0,0,-106.3,0,0,0,-66.79,0,0,0,0,0,0,0,0,-6.99,-225.16,99.8000000000016,0
26/10/2020,0,660,0,0,-33.89,-11.5,-980,0,0,0,0,0,-7.5,0,0,0,0,0,0,0,0,-24.01,-76.9,-297.099999999998,0
02/11/2020,0,0,0,1422,-59.39,0,0,0,0,0,0,0,-45.01,0,0,0,0,-568.8,0,0,-33.75,-9.99,-121.14,401.210000000002,6.75
09/11/2020,0,0,0,0,-57.91,0,0,0,0,0,0,0,-17.91,0,0,0,0,0,0,0,0,-6.86,-82.68,318.530000000002,0
16/11/2020,0,0,0,0,-34.22,-1.8,0,0,0,0,0,0,-35.9,0,0,0,-56.14,0,-150.3,0,0,-15.98,-90.52,21.5700000000015,2.62
23/11/2020,0,100,0,0,-50.73,-2.44,0,0,0,0,0,0,-21.33,0,0,0,0,0,0,0,0,0,-78.57,43.0000000000015,4.07
30/11/2020,0,590,0,2232,-44.69,-1.8,-980,0,-63.99,0,0,0,-15.9,0,0,0,0,-500,0,0,0,-39.99,-166.37,1218.63,0
07/12/2020,0,0,0,0,-27.3,0,0,0,0,0,0,0,-35.67,0,0,0,0,0,0,0,-33.75,-47.7,-110.67,1074.21,0
14/12/2020,0,0,0,0,-58.41,-8.05,0,0,0,0,0,0,-69.97,-13,0,0,0,0,-152.51,0,0,-60.58,-197.01,711.690000000001,0
21/12/2020,0,40,0,0,-31.89,-21.95,0,0,0,0,0,0,-18.96,0,0,0,0,0,0,0,0,-50.63,-149.96,601.730000000001,26.53
28/12/2020,0,630,0,0,-42.18,-4.99,-980,0,0,0,0,0,-54.56,0,0,0,0,0,0,0,-33.75,-35.51,-145.99,71.9900000000014,8.75
04/01/2021,0,0,0,2430,-41.23,0,0,0,0,0,0,0,-8.3,0,0,0,0,-1100,0,0,0,-35.99,-85.52,1316.47,0
11/01/2021,0,0,0,0,-11.73,0,-66,0,0,-60.29,0,0,-26.74,0,0,0,0,0,-144.75,0,0,-25.97,-135.7,970.020000000001,10.97
18/01/2021,0,0,0,0,-45.59,-1.25,0,0,0,0,0,0,0,0,0,0,0,0,0,0,0,0,-67.49,902.530000000001,20.65
25/01/2021,0,900,0,0,-51.18,-10.5,-1350,0,0,0,0,0,-7.6,0,0,0,0,0,0,0,0,0,-69.28,383.250000000001,0
01/02/2021,0,450,0,2616,-70.4,-14.35,-700,-435.92,0,0,0,0,-25.66,0,0,0,0,-1300,0,0,-33.75,-43.22,-149.38,830.200000000001,-4.25
08/02/2021,0,414,0,0,-41.48,-18,-621.37,0,0,0,0,0,-37,0,0,0,-73,0,-146.96,0,0,-23.01,-119.49,283.380000000001,0
15/02/2021,0,0,0,0,-61.44,-9.37,0,0,-15,0,0,0,-3.7,0,0,0,0,0,0,0,0,0,-89.51,193.870000000001,0
22/02/2021,0,0,0,0,-68.22,0,0,0,-5,0,0,0,-9.63,0,0,0,0,0,0,-14.56,0,-64.9,-147.93,31.3800000000013,0.18
01/03/2021,0,100,0,2040,-31.06,-11.58,-442.5,0,0,0,0,0,-9,0,0,0,0,0,0,-50,-33.75,-33.93,-88.15,1556.98,2.58
08/03/2021,0,0,0,0,-35.49,-19.7,0,-323.63,0,0,0,0,-10,0,0,0,0,0,-146.04,0,0,-54.97,-120.16,967.150000000001,0
15/03/2021,0,1050,0,0,-24.6,-6.15,0,-218.77,-620.25,0,0,0,-2.6,0,0,0,0,0,0,0,0,-53.97,-87.32,1090.81,0
22/03/2021,0,0,0,0,-42.96,-14.9,0,0,0,0,0,0,0,0,0,0,0,0,0,0,0,0,-57.86,1032.95,0
29/03/2021,0,100,0,0,-26.69,-14,-442.5,0,0,0,0,0,-45.9,0,0,0,0,0,0,-125,-33.75,-9.99,-167.89,363.810000000001,71.31
05/04/2021,0,0,0,2352,-41.46,-8.5,0,-144.98,0,0,0,0,-22.8,0,0,0,-23,0,0,0,0,-73.47,-158.19,2389.64,11.96
12/04/2021,0,0,0,0,-55.16,-11,0,0,0,0,0,0,-1.5,0,0,0,0,0,-147.26,0,0,-19.97,-106.48,2135.9,18.85
19/04/2021,0,433,0,0,-55.2,-2.74,0,0,0,0,0,0,-34.4,0,0,0,-18,0,0,0,0,-6.95,-99.29,2451.61,0
26/04/2021,0,0,0,0,-59.38,-46.65,-442.5,0,0,0,0,0,-4,0,0,0,0,0,0,0,-33.75,-1300.96,-1410.99,564.370000000002,0
03/05/2021,0,100,0,0,-69.69,-7.75,0,-145,-5.4,0,0,0,-23.4,0,0,0,0,0,0,-125,0,-16.98,-123.22,271.150000000001,0
10/05/2021,0,0,0,2448,-59.96,-19.5,0,0,-4.27,0,0,-15,-69.8,-20,0,0,0,-1750,-144.23,0,0,-25.97,-194.5,610.420000000001,0
17/05/2021,0,0,0,0,-54.42,-15.2,0,0,-13.7,0,0,0,-77.65,0,0,-23.83,0,0,0,0,0,-5.99,-207.04,403.380000000001,16.25
24/05/2021,0,0,0,0,-42.47,-23.8,0,0,0,0,0,0,-4,0,0,0,0,0,0,0,-33.75,-12.39,-106.98,262.650000000001,24.32
31/05/2021,0,100,0,2280,-79,-17.5,-442.5,-49,-133,0,0,0,-47,0,0,-48.7,0,-700,0,-125,0,-9.99,-335.19,990.960000000001,0
07/06/2021,0,0,0,0,-65.62,-7.85,0,0,-16.5,0,0,-57,-73.1,-6,0,-19.4,-15,0,0,0,0,-81.97,-321.44,648.520000000002,0
14/06/2021,0,0,0,0,-44.15,-9.41,0,0,0,0,0,0,-15,0,0,0,0,0,-143.88,0,0,-214.59,-317.57,187.070000000001,34.42
21/06/2021,0,50,0,0,-65.38,0,0,0,0,0,0,0,-2.95,-67,0,-28,0,0,0,0,0,-15,-111.33,58.7400000000015,0
28/06/2021,0,100,0,2280,-51.02,-5,-442.5,0,-90.12,0,0,0,-13.75,-30.5,0,0,0,-500,0,0,0,-24.98,-200.83,1264.91,15.96
05/07/2021,0,0,0,0,-51.33,-6.6,0,-96,0,0,0,0,-24.3,0,0,0,0,0,0,0,0,-97,-194.89,974.020000000001,15.66
12/07/2021,0,0,0,0,-53.56,-2,0,0,-12.67,0,-11.62,-14.22,-17.6,-52,0,0,0,0,0,0,0,-20.98,-141.43,780.590000000001,8.78
19/07/2021,0,377,0,0,-51.74,-2,0,0,-428.38,0,0,-8.5,-110.88,0,0,-56.7,0,0,-148.26,0,0,-15,-654.62,354.710000000001,-18.58
26/07/2021,0,100,0,1986,-64.64,-18.1,-442.5,0,-80,0,0,0,-15,0,0,-5.2,0,0,0,0,-33.75,-34.99,-218.66,1745.8,0.73
02/08/2021,0,0,0,0,-59.19,-37.05,0,-96,-510,0,0,-5,-14.24,-160.5,0,0,0,-500,0,0,0,-13.97,-639.45,349.850000000001,0
09/08/2021,0,0,0,0,0,0,0,0,-130.62,0,0,0,0,0,0,0,0,0,0,0,0,-15.98,-146.6,203.250000000001,0
16/08/2021,0,120,0,0,-66.62,0,0,0,0,0,0,0,-29,0,0,0,0,0,-144.85,0,0,-24.97,-117.74,60.6600000000011,-2.85
23/08/2021,0,0,0,0,-42.4,0,0,0,0,0,0,0,0,-15,-35.75,0,0,0,0,0,0,0,-102.96,-57.2999999999989,24.81
30/08/2021,0,-20,0,1998,-44.13,0,-442.5,-96,0,0,0,0,-7.35,0,0,0,0,0,0,0,-33.75,-117.17,-151.83,1196.62,-16.82
06/09/2021,0,0,0,0,-80.76,-8.85,0,0,-7.2,0,-4.99,0,-33.03,0,0,-11.5,0,0,0,0,0,-113.74,-260.07,936.550000000001,0
13/09/2021,0,0,0,0,-51.43,-3.5,0,0,0,0,0,0,-27.34,0,0,0,0,0,0,0,0,-87.86,-199.76,736.790000000001,29.63
20/09/2021,0,0,0,0,-49.34,-7,0,0,0,0,0,0,-17.74,0,0,-5.7,0,0,-144.77,0,0,-6.85,-86.63,505.390000000001,0
27/09/2021,0,1100,0,1752.31,-60.93,-20.8,-442.5,0,-6.72,-9.62,0,0,-140,0,0,0,0,0,0,0,-33.75,-2.99,-233.26,2648.19,-7.8
04/10/2021,0,0,0,0,-46.23,0,0,0,-10,-6.99,0,-61.05,-30.65,0,0,-7.4,0,0,-1500,0,0,-9.99,-172.31,975.880000000001,0
11/10/2021,0,105,0,0,-68.29,-9.97,0,-480.84,0,0,0,0,-8.88,0,0,-14.95,0,0,0,0,0,-46.45,-145.25,454.790000000001,-3.29
18/10/2021,0,0,0,0,-50.99,-3,0,0,0,0,0,-25,-46.15,-15,-29.5,0,0,0,0,0,0,0,-146.49,293.300000000001,-8.15
25/10/2021,0,50,0,0,-47.11,-20.5,0,0,-51.1,0,0,0,-125.71,-12,0,0,0,0,-143.44,0,-33.75,0,-268.6,-114.489999999999,24.18
01/11/2021,0,100,0,1751.82,-25.85,-5.5,-442.5,-150.07,-3.6,0,0,0,-35.63,-78.15,0,-14,-55,0,-383.72,0,0,-9.99,-104.76,523.130000000001,10.19
08/11/2021,0,0,0,0,-81.22,-22.3,0,0,-9.6,0,-6.55,0,0,0,0,0,0,0,0,0,0,-15.98,-136.59,386.540000000001,0.94
15/11/2021,0,0,0,0,-81.23,-8.5,0,0,0,0,0,0,-45.69,0,0,0,0,0,0,0,0,-3.99,-139.41,247.130000000001,0
22/11/2021,0,0,0,0,-83.11,-13,0,0,0,0,0,0,0,0,0,0,0,0,-148.08,0,0,-12.56,-108.67,-9.6199999999991,0
29/11/2021,0,211,0,1822.61,-34.4,0,-442.5,-150,-102.25,0,-9.99,0,-13,0,0,-33.2,-28,-250,0,0,-33.75,-127.87,-323.88,795.860000000001,3.17
06/12/2021,0,0,0,0,-66.08,0,0,0,-173,0,0,0,-49.9,0,0,-11,0,0,0,0,0,-29.93,-344.5,451.360000000001,14.59
13/12/2021,0,0,0,0,-44.99,-18.5,0,0,0,0,0,0,-70.45,0,0,0,0,0,0,0,0,-72.08,-206.02,245.340000000001,0
20/12/2021,0,0,0,0,-30.35,-2.4,0,0,0,0,0,0,-3.7,0,0,-12.6,0,0,0,0,0,-55,-104.05,141.290000000001,0
27/12/2021,0,100,0,1776.7,-74.53,-4.5,-442.5,0,-20,0,0,0,-23.45,0,0,0,0,0,0,0,-33.75,-49.94,-172.42,1369.32,0
03/01/2022,0,30,0,0,-55.25,0,0,-149,-142.96,0,-7,0,-10,-15,0,0,0,-500,-150.34,0,0,-108.99,-304.4,280.580000000001,-19.8
10/01/2022,0,100,0,0,-32.93,0,0,0,-4.5,-16.47,0,0,-17.75,0,0,0,0,0,0,0,0,-38.24,-109.89,270.690000000001,0
17/01/2022,0,0,0,0,-58.67,0,0,0,0,0,0,0,-19.24,0,0,0,-28,0,0,0,0,-29.56,-107.47,135.220000000001,0
24/01/2022,0,0,0,0,-29.75,-11,0,0,0,0,0,-4.99,-64.65,0,-36.24,0,0,0,0,0,0,-17.99,-164.62,-29.3999999999991,0
31/01/2022,0,100,0,1976.96,-51.37,0,-442.5,-149,-9.5,0,0,-39,0,0,0,-20.8,-28,-500,-151.24,0,-33.75,-5.77,-126.44,616.630000000001,0
07/02/2022,0,0,0,0,-73.65,0,0,0,-17,0,0,0,-77.7,0,0,0,0,0,0,0,0,-27.97,-150.96,465.670000000001,-45.36
14/02/2022,0,0,0,0,-57.11,0,0,0,0,0,-8.99,0,-16.3,0,0,-6.6,-31.28,0,0,0,0,-46.97,-135.97,298.420000000001,0
21/02/2022,0,0,0,0,-28.15,0,0,0,-5,-26.63,0,0,-7.55,0,0,-5,0,0,0,0,0,0,-72.33,226.090000000001,0
28/02/2022,0,100,0,1970.79,-98.19,-16,-442.5,-149,0,0,0,-5.79,-31,0,-47,0,-28,-500,-147.96,0,-33.75,-19.99,-217.97,777.700000000001,0
07/03/2022,0,20,0,0,-66.7,-15.8,0,0,0,0,0,0,-13.75,0,0,-28.3,0,0,0,0,0,-15.98,-140.53,657.170000000001,0
14/03/2022,0,0,0,0,-67.75,-8,0,0,0,0,0,0,-5.5,0,0,-37.4,-31.28,0,0,0,0,-17.98,-136.63,489.260000000001,0
21/03/2022,0,0,0,0,-22.09,0,0,0,-19.06,0,0,0,0,0,0,-21.5,0,0,0,0,0,0,-62.65,426.610000000001,0
28/03/2022,0,100,0,1980.11,-88.67,0,-572.5,0,-407.2,0,-15.98,0,-19.05,0,0,0,0,0,0,0,0,0,-530.9,1403.32,0
04/04/2022,0,0,0,0,-70.64,-20.5,0,-100,0,0,0,0,0,0,-14.85,0,0,0,-554.96,0,-33.75,0,-105.99,608.620000000001,0
11/04/2022,0,0,0,0,-62.31,-1.65,0,0,-57.5,0,0,0,-68.9,0,0,-12.3,0,0,0,0,0,-35.97,-439.65,168.970000000001,201.02
18/04/2022,0,0,0,0,-41.14,-9.9,0,0,-8,0,0,0,-11.15,0,0,0,-31.28,0,0,0,0,-3.99,-74.18,63.510000000001,0
25/04/2022,0,0,0,1983.2,-72.82,0,-150,0,-165,0,0,0,0,0,0,-13.7,0,-250,-250,0,0,0,-251.52,1145.19,0
02/05/2022,0,100,0,0,-67.15,0,-442.5,-100,0,0,0,-7,-8.7,0,0,0,0,0,0,0,-33.75,0,-76.38,592.560000000001,-6.47
09/05/2022,0,0,0,0,-58.96,-34.75,0,0,-38,0,0,0,-110.81,0,0,0,0,0,-164.92,0,0,-35.97,-278.49,149.150000000001,0
16/05/2022,0,0,0,0,-64.64,-4,0,0,0,0,-3.49,0,0,0,0,-27.85,-31.28,0,0,0,0,-3.99,-103.97,13.9000000000012,0
23/05/2022,0,0,0,0,-74.35,0,0,0,-13.8,-6.99,0,0,-41.35,0,0,0,0,0,0,0,0,-11,-147.49,-133.589999999999,0
30/05/2022,0,100,0,1997.54,-48.89,-17.48,-592.5,-100,-103.6,0,0,0,0,0,0,0,0,0,0,0,-33.75,-119.94,-348.27,889.430000000001,58.36
06/06/2022,0,0,0,0,-52.24,-7.1,0,0,0,0,0,0,-97.77,0,0,0,0,-250,0,0,0,-74.98,-232.09,407.340000000001,0
13/06/2022,0,0,0,0,-70.42,-16.25,0,0,0,0,0,0,-6.5,0,0,0,-34.23,0,-164.6,0,0,-29.99,-123.16,85.3500000000011,0
20/06/2022,0,0,0,0,-46.2,0,0,0,0,0,0,-15.4,-8.6,0,0,0,0,0,0,0,0,-3.99,-74.19,11.160000000001,0
27/06/2022,0,100,0,4396.38,-95.18,-21.19,-592.5,-100,0,0,0,0,-8.2,-85,0,0,0,-2000,0,0,-33.75,-318,-458.55,1237.74,15.98
04/07/2022,0,0,0,0,-25.44,-25,0,0,-152.7,0,0,0,-20.85,-25,0,0,0,0,0,0,0,-15.14,-239.13,973.610000000001,0
11/07/2022,0,0,0,0,-33.27,-9.75,0,0,-42.2,0,-4.98,0,0,0,0,0,0,0,0,0,0,-7.99,-98.19,875.420000000001,0
18/07/2022,0,0,0,0,-111.33,-6.25,0,0,-384.2,0,0,0,0,-54.95,0,-25.8,-34.23,0,0,0,0,-8,-522.4,263.840000000001,-13.18
25/07/2022,0,0,0,2414.09,-62.45,-12.3,0,0,0,0,-4.99,0,-9.4,0,0,-34.5,0,0,-165.31,0,0,-183.49,-307.13,2205.49,0
01/08/2022,0,100,0,0,-54.18,-1.8,-592.5,-100,-95.75,0,0,-15.75,-25.8,0,0,-17,0,0,-415,0,0,0,-210.28,987.710000000002,0
08/08/2022,0,0,0,0,-18.49,-12,0,0,-25,0,0,0,-34.25,0,0,-40.1,0,0,0,0,0,0,-129.84,857.870000000002,0
15/08/2022,0,0,0,0,-72.25,0,0,0,-55.29,0,-9.99,0,-40.75,0,0,-12.2,-44.23,0,0,0,0,-11.98,-202.46,611.180000000002,0
22/08/2022,0,0,0,0,-33.77,-10.58,0,0,-11.64,0,0,0,0,0,0,-26.8,0,0,0,0,0,-132.98,-215.77,395.410000000002,0
29/08/2022,0,100,0,2357.05,-92.38,-12.27,-370,-80,0,0,0,0,-9.05,0,0,-15,0,-500,-400,0,0,-55.5,-346.05,1156.41,161.85
05/09/2022,0,0,0,0,-18.56,-11.05,0,0,-16.6,0,0,-164.6,-25.29,-8,0,0,-34.23,0,0,0,0,-381.05,-617.15,497.030000000002,0
12/09/2022,0,0,0,0,-69.83,-23.05,0,0,-183.91,0,0,0,-100,-54,0,-17.7,0,0,0,0,-39,-37.98,-432.47,-28.4399999999981,0
19/09/2022,0,375.33,0,0,-42.52,0,0,0,0,0,-13.97,0,-18.4,0,0,0,0,0,0,0,0,0,-74.89,272.000000000002,0
26/09/2022,0,100,0,2349.31,-29.84,-2,-875,-200,-160,-15.98,0,0,-12.55,0,0,0,0,-250,0,0,0,0,-261.84,1134.47,41.47
03/10/2022,0,200,0,0,-119.2,-8.65,-275,0,18.5,0,0,0,-59.45,0,0,-10.2,0,0,0,0,0,-110.5,-289.5,769.970000000002,0
10/10/2022,0,0,0,0,-54.08,-13.05,0,0,0,0,0,0,-62.45,0,0,0,0,0,0,0,0,-12.98,-142.56,627.410000000002,0
17/10/2022,0,0,0,0,-71.55,0,0,0,-52.82,0,-9.99,0,-41.75,-10,0,0,-42.23,0,0,0,-39,-19.99,-196.1,340.080000000002,0
24/10/2022,0,0,0,0,-58.55,-4,-600,0,-284.64,0,0,0,-3.55,0,0,0,0,0,0,0,0,-315.97,-714.33,-974.249999999998,47.62
31/10/2022,0,320,0,2295.2,-48.63,-4.5,0,0,0,0,0,0,-31.96,0,0,0,0,0,0,0,0,-13.5,-98.59,1542.36,0
07/11/2022,0,0,0,0,-10.35,0,0,0,-29.08,0,0,0,-50.27,0,0,0,0,0,0,0,0,-8.99,-98.69,1443.67,0
14/11/2022,0,0,0,0,-96.52,0,0,0,0,0,-9.99,-41.6,0,0,0,0,-34.23,0,0,0,-39,-19.99,-168.1,1202.34,0
21/11/2022,0,0,0,0,-49.85,-2.25,-600,0,0,0,0,0,-47.92,-34.99,0,0,0,0,0,0,0,-38,-138.02,429.330000000002,0
28/11/2022,0,100,0,2362.37,-47.18,-17,0,0,-37.78,0,0,0,-31.4,0,0,0,0,0,-167.89,0,0,-40.7,-174.06,2549.75,0
05/12/2022,0,0,0,0,-57.57,-21.05,0,-335.56,0,0,0,0,-37.7,0,0,-24.4,0,0,0,0,0,-8.99,-167.71,2046.48,18
12/12/2022,0,0,0,0,-70.7,0,0,0,0,0,-9.99,-17.99,0,0,0,-14,-34.23,0,0,0,0,-263.7,-386.17,1626.08,9.79
19/12/2022,0,0,0,0,-15.1,0,0,0,-142.95,0,0,-4.99,-63.3,0,0,0,0,0,0,0,-39,-127.44,-353.78,1233.3,0
26/12/2022,0,100,0,2802.16,-45.05,-9,-625,-600,-31.8,0,0,0,-1.5,0,0,0,0,0,0,0,0,-83.48,-170.83,2739.63,0
02/01/2023,0,0,0,0,-26.59,0,0,0,-63.3,0,0,0,-3.95,-20,0,0,0,0,0,0,0,-59.96,-153.8,2565.83,0
09/01/2023,0,0,0,0,-65.66,0,0,0,-4.5,-9.99,0,0,-61.1,0,0,0,-34.23,-750,0,0,-39,-106.89,-248.14,1494.46,0
16/01/2023,0,0,0,0,-50.64,0,0,-225.18,-14.7,0,0,0,-10.6,0,0,0,0,0,0,0,0,-34.47,-110.41,1158.87,0
23/01/2023,0,550,0,0,-42.39,-2.1,0,0,0,-50,0,-20,-7.6,0,0,0,-16.75,0,0,0,0,-19.86,-541.95,1150.17,400
30/01/2023,0,0,0,2591.73,-56.48,-4,-625,0,-37.93,0,0,0,-7,0,0,-11.9,0,-1000,-165.2,0,0,-10,-127.31,1824.39,0
06/02/2023,0,0,0,0,-40.44,0,0,0,0,0,-8,0,-18.49,0,0,-12.9,0,0,0,0,0,-19,-98.83,1725.56,0
13/02/2023,0,0,0,0,-56.16,-3.6,0,0,0,0,0,0,-49.5,-95.5,0,0,-34.23,0,0,0,-39,-19.99,-129.25,1427.58,0
20/02/2023,0,0,0,0,-47.9,0,0,0,-118.39,0,0,0,0,-40,0,-25.9,0,0,0,0,0,-53.46,-245.65,1141.93,0
27/02/2023,0,0,0,2645.83,-17.05,-5.7,-625,0,-1.8,0,-9.97,0,-36.04,0,0,0,0,-500,0,0,0,-64,-132.62,2530.14,-1.94
06/03/2023,0,0,0,0,-8.1,0,0,0,-116.03,0,0,0,0,0,0,0,0,0,0,0,0,-23.49,-147.62,2382.52,0
13/03/2023,0,59,0,0,-63.32,-9.4,0,0,-192.5,0,0,0,-17.65,0,0,0,-267.73,0,-170.14,0,-39,-100.77,-383.64,1581.01,0
20/03/2023,0,0,0,0,-52.22,-23,0,0,-8.5,0,0,0,-47.09,0,0,-16.4,0,0,0,0,0,-49.89,-197.1,1383.91,0
27/03/2023,0,0,0,2591.72,-52.68,0,-625,0,0,-10,0,-21.98,0,0,0,0,-40,0,0,0,0,-10.65,-95.31,3215.32,0
03/04/2023,0,0,0,0,-66.8,-26,0,0,-337,0,0,-6.49,0,-20,0,0,-8,0,-625,0,0,-34.49,-470.78,2091.54,0
10/04/2023,0,0,0,0,-15.45,-3.6,0,0,-35,0,0,0,-3.3,-12,0,0,-34.23,-500,-162.5,0,-39,-52.99,-110.34,1233.47,0
17/04/2023,0,0,0,0,-24.24,-11,0,0,0,0,0,0,-16.99,0,0,-11.2,0,0,0,0,0,0,-63.43,1170.04,0
24/04/2023,0,0,0,2737.53,-66.09,-25,0,0,-7,0,0,0,-12,0,0,-18.9,-25,-650,-500,0,0,0,-128.99,2603.58,0
01/05/2023,0,0,0,0,-29.37,0,-625,-102.71,-123.23,0,0,0,-35.25,0,0,-21.65,0,0,0,0,0,-39.49,-248.99,1626.88,0
08/05/2023,0,0,0,0,-39.85,-2.8,0,0,-42.65,-3.99,0,-10.83,-51.1,0,0,0,-45.38,0,0,0,-39,-28.98,-180.2,1362.3,0
15/05/2023,0,0,0,0,-83.69,0,0,0,-2,0,0,0,-7.3,-6.25,0,0,-19.18,0,-162.7,0,0,0,-92.99,1081.18,0
22/05/2023,0,0,0,0,-72.24,-4.9,0,0,-32.01,0,0,0,-37.3,0,0,0,-6.25,0,0,0,0,0,-132.42,942.510000000002,-14.03
29/05/2023,0,0,0,2678.82,-21.69,-2.45,-625,-104.5,-275,0,0,0,0,-21.99,0,0,-46.5,-750,0,0,0,-24.5,-323.64,1749.7,0
05/06/2023,0,0,0,0,-32,-49,0,0,-145,0,0,0,-42.8,0,0,-4.2,0,0,0,0,0,-82.66,-355.66,1394.04,0
12/06/2023,0,0,0,0,-60.32,-2.3,0,0,-1001.96,-8.24,0,0,0,0,0,0,0,0,0,0,-39,-14.48,-1087.3,267.740000000002,0
19/06/2023,0,0,0,0,-38.3,0,0,0,-134,0,0,0,-70.5,0,0,0,0,0,-158.71,0,0,-50,-292.8,-183.769999999998,0
26/06/2023,0,0,0,4877.52,-50.59,-4.6,-625,-104.5,-374.93,0,0,0,-36.9,0,0,0,-18.11,0,0,0,0,-10.15,-706.17,3239.97,229
03/07/2023,0,0,0,0,-45.52,-4.2,0,0,-263.5,-16.48,0,0,-9.05,-272.5,0,0,-32.75,-600,-500,0,0,-14.5,-353.25,1481.47,0
10/07/2023,0,0,0,0,-38.5,-10.1,0,0,-2,-5,0,0,-26.55,-91.15,0,0,-17.78,0,0,0,-39,-28.99,-111.14,1222.4,0
17/07/2023,0,0,0,0,-55.89,0,0,0,0,0,0,0,-23.85,0,-60,0,0,0,0,0,0,-30,-169.74,1052.66,0
24/07/2023,0,0,0,0,-61.78,0,0,0,-391.4,0,-5.99,0,-116.09,-100.96,0,0,-38.02,0,-400.33,0,0,0,-575.26,-61.9099999999978,0
31/07/2023,0,0,0,3045.52,-42,0,-625,-104.5,-12.47,0,-9.48,0,0,0,0,0,-4.1,0,0,0,0,-24.5,-88.45,2161.56,0
07/08/2023,0,0,0,0,-20.49,0,-2650,0,-51.8,0,0,0,-97.79,0,0,0,0,0,0,0,0,0,-170.08,-658.519999999998,0
14/08/2023,0,242.3,0,0,-67.05,0,0,0,-72.05,0,0,-31,-85.97,-20,0,-46.12,-62.88,0,0,0,0,-52.24,-503.38,-1002.48,148.95
21/08/2023,0,0,0,0,-42.2,0,0,0,-4,-11.99,0,0,-75.68,0,0,0,-20,0,0,0,0,-671.14,-805.01,-1827.49,0
28/08/2023,0,0,0,3028.14,-54.53,-30.05,-355,0,-138.25,0,0,0,-15.1,0,0,0,-26.34,-750,0,0,0,-79.5,-317.43,-248.119999999998,0
04/09/2023,0,0,0,0,-47.83,-2.55,0,-72.35,-18.5,0,-9.99,0,-38,0,0,-28.95,0,0,0,0,0,-71.65,-217.47,-537.939999999998,0
11/09/2023,0,200,0,0,-16.43,0,0,0,-79.45,0,0,0,-92.3,0,0,0,-26.66,0,0,0,0,-276.5,-464.68,-829.279999999998,0
18/09/2023,0,149,0,0,-67.33,0,-240,0,-118.55,0,0,0,-15.35,0,0,-22.4,0,0,0,0,0,0,-348.93,-1269.21,125.3
25/09/2023,0,0,0,3001.11,-50.45,-3.38,0,0,-32.58,0,0,0,-11.9,0,0,0,0,0,0,0,0,-54,-152.31,1579.59,0
02/10/2023,0,62.5,0,0,-80,-2.55,0,0,-55.75,0,-5.99,0,-53.11,0,0,0,0,0,0,0,0,-388.5,-585.9,1056.19,0
09/10/2023,0,0,0,0,-68.6,-49,0,-150,0,0,0,-7.99,-19.9,-184,0,-20.33,0,-500,0,0,0,-23,-188.82,33.3700000000029,0
16/10/2023,0,0,0,0,-52.73,0,0,0,-21.6,0,0,0,-25.99,0,0,-5.5,-65.13,0,0,0,0,-226.25,-332.07,-363.829999999997,0
23/10/2023,0,0,0,0,-53.76,0,0,0,-33.8,0,0,0,-19.36,0,0,-29.85,-18,0,0,0,0,-155.4,-292.17,-673.999999999997,0
30/10/2023,0,0,0,2854.44,-69.75,-3.36,-1150,0,-144.5,0,0,0,-14.55,-48,0,0,-76.66,0,0,0,0,-36.05,-268.21,637.570000000003,0
06/11/2023,0,0,0,0,-49.43,-22.81,0,0,-16,-24.26,0,-20,-3.7,-30,0,-12.8,-18,0,0,0,0,-64.25,-213.25,376.320000000003,0
13/11/2023,0,0,0,0,-61.22,-6.96,0,0,-17.1,0,0,-77.2,-26.15,0,0,-15,-18,0,0,0,0,-78.97,-282.6,75.7200000000031,0
20/11/2023,0,0,0,0,-30.71,0,0,0,-19.6,0,0,0,-78.03,0,0,0,-18,0,0,0,0,-193.25,-321.59,-263.869999999997,0
27/11/2023,0,0,0,2854.43,-49.2,-11,-1150,-110,-30,0,0,0,-11.6,0,0,-21.45,-63,-1141.772,0,0,0,-76.97,-200.22,-74.431999999997,0
04/12/2023,0,0,0,0,-48.44,-24.79,0,0,-3.5,0,0,0,-12,0,0,0,-18,0,0,0,0,-5.5,-94.23,-186.661999999997,0
11/12/2023,0,0,0,0,-59.77,-9.02,0,0,-5.25,0,-5.99,-60.33,-7.2,0,0,-13.8,-18,0,0,0,0,-4.5,-165.86,-370.521999999997,0
18/12/2023,0,0,0,0,-90.75,-13.5,0,0,-9.8,0,0,0,-50,0,0,-11.4,-18,0,0,0,0,-370.35,-545.8,-934.321999999997,0
25/12/2023,0,0,0,3081.19,-43.5,0,-1150,-110,-16.2,0,0,0,-13.4,0,0,-19.2,-79.5,0,0,0,0,-48.21,-140.51,666.858000000003,0
01/01/2024,0,0,0,0,-65.31,-3.78,0,0,-12.4,0,0,0,-47.4,-10,0,-6,-18,0,0,0,0,0,-134.89,503.968000000003,0
08/01/2024,0,0,0,0,-35.29,-1.17,0,0,-855.25,0,0,0,0,0,-50.6,0,-18,0,0,0,0,-10.6,-952.91,-466.941999999997,0
15/01/2024,0,0,0,0,-55.95,-35.8,0,0,-11.6,0,0,0,-144.5,0,0,0,-18,0,0,0,0,-7,-254.85,-739.791999999997,0
22/01/2024,0,0,0,0,-47.74,-7,0,0,-128.75,0,-19.95,0,-6.64,0,0,0,-18,0,0,0,0,-505.5,-715.58,-1473.372,0
29/01/2024,0,0,0,2944.7,-30.38,-11,-1150,-110,-13.35,0,0,0,-52.68,0,0,0,-91.21,0,0,0,0,-19.3,-126.71,-6.59199999999692,0
05/02/2024,0,0,0,0,-9,-5.5,0,0,-56.79,0,-5.99,0,0,0,0,0,-18,-250,0,0,0,-4.75,-82.03,-356.621999999997,0
12/02/2024,0,0,0,0,-77.74,-38,0,0,-12.6,0,0,-9.28,-25.75,-30,0,-5.5,-18,0,0,0,0,-64.23,-233.1,-637.721999999997,0
19/02/2024,0,0,0,0,-48.25,-12,0,0,-19,0,0,-69.89,-20.9,0,0,-56.48,0,0,0,0,0,0,-226.52,-864.241999999997,0
26/02/2024,0,0,0,4611.92,-45.5,-17,-1150,-110,-64.5,0,-5.99,-40,-16.29,0,0,-13.3,-110.89,0,0,0,-34.99,-56.48,-259.06,2082.738,0
04/03/2024,0,0,0,0,-47.93,-3.88,0,0,-7,0,0,-117.23,0,0,0,0,-18,0,0,0,0,-1075.95,-1251.99,812.748000000003,0
11/03/2024,0,0,0,0,-29.81,-9.48,0,0,-16,0,-5.99,0,-113.29,0,0,0,-18,0,0,0,0,-26,-200.57,594.178000000003,0
18/03/2024,0,0,0,0,-58.7,-6,0,0,-116.15,0,-5.99,0,-12,0,0,-23.55,-18,-500,0,0,0,0,-222.39,-146.211999999997,0
25/03/2024,0,0,0,3083.36,-15.74,-14.18,-1150,0,-98.95,0,0,0,0,0,0,0,0,0,0,0,0,-24.5,-153.37,1633.778,0
01/04/2024,0,0,0,0,-67.96,-7.79,0,0,-165.1,0,0,0,-6.99,0,0,-30.6,-113.16,0,0,0,-34.99,-29.98,-308.42,1177.208,0
08/04/2024,0,0,0,0,-60.6,-6,0,0,-33.9,0,0,-11.99,0,0,0,0,-18,0,0,0,0,0,-112.49,1046.718,0
15/04/2024,0,0,0,0,-46.55,-21.86,0,0,-10.25,0,0,0,-11.55,0,0,0,-18,0,0,0,0,0,-90.21,938.508000000003,0
22/04/2024,0,0,0,0,-36.65,-15.28,0,0,-1.75,0,0,-53,-11.05,0,0,0,0,-200,0,0,0,-89.15,-206.88,531.628000000001,0
29/04/2024,0,0,0,3284.9,-11.12,-13.25,-1150,-78,-86.8,0,0,0,-9.6,0,0,0,-108.73,0,0,0,-34.99,-49.53,-170.3,2274.508,0
06/05/2024,0,0,0,0,-60.2,-7.49,0,0,-5.4,0,0,0,-41.23,0,0,-44.35,-18,-200,0,0,0,0,-158.67,1897.838,0
13/05/2024,0,0,0,0,-36.23,-10.8,0,0,-243.52,0,-5.99,0,-13.04,-31.95,0,-27.75,0,0,0,0,0,-150,-487.33,1378.558,0
20/05/2024,0,0,0,0,-50.51,-6,0,0,-8.9,0,0,0,-23.89,0,0,-11,-18,0,0,0,0,-7.7,-108,1252.558,0
27/05/2024,0,0,0,3245.78,-65.49,-6.18,-1150,-78,-7.35,0,-5.99,0,-11.5,0,0,0,-83.53,0,0,0,-34.99,-115.72,-212.23,2939.588,0
03/06/2024,0,0,0,0,-45.22,-30.35,0,0,-115,0,0,0,-179,-51.5,0,0,-18,-500,0,0,0,0,-369.57,2000.518,0
10/06/2024,0,0,0,0,-39.05,-13,0,0,-8.75,-16.99,0,0,0,0,0,0,-18,0,0,0,0,-177.34,-255.13,1727.388,0
17/06/2024,0,0,0,0,-35,-11,0,0,-681,0,0,0,-62,0,0,0,0,0,0,0,0,-62.48,-851.48,875.908000000002,0
24/06/2024,0,0,0,5817.57,-30.38,0,-1150,-78,-20.2,0,-5.99,0,-18.75,-21,0,-80.3,0,0,0,0,0,0,-451.83,4992.648,296.21
01/07/2024,0,0,0,0,-45.4,-3.56,0,0,-71.52,0,-29.96,-65,-79,-28,0,-45.55,-110.5,-500,0,0,-34.99,-29.98,-369.97,3949.188,0
08/07/2024,0,0,0,0,0,0,0,0,-425,0,0,-13.99,0,0,0,0,0,0,0,0,0,0,-438.99,3510.198,0
15/07/2024,0,0,0,0,-71.13,-12.89,0,0,-19.95,0,0,0,0,0,0,0,0,0,0,0,0,-15,-6.59999999999999,3503.598,-112.37
22/07/2024,0,0,0,0,-47.75,-5.5,0,0,-3.5,0,0,0,-36.4,0,0,0,-18,0,0,0,0,-422.19,-515.34,2970.258,0
29/07/2024,0,0,0,3406.27,-39.95,-49.5,-1150,-78,-5.25,0,0,0,-17.6,0,0,-46.9,-111.53,-500,0,0,-43.99,-140.98,-300.18,4192.828,0
05/08/2024,0,90,0,0,-51.6,-8.75,0,0,-22.79,0,0,0,-16.99,0,0,0,-18,-500,0,0,-20,-6.5,-106.63,3638.198,0
12/08/2024,0,0,0,0,-60.83,-13.7,0,0,-37.95,0,-5.99,0,-91.59,0,0,-12.8,0,0,0,0,-10,0,-222.86,3405.338,0
19/08/2024,0,0,0,0,-40,-12.5,0,0,-17.2,0,0,0,-107.94,0,0,-50.83,-18,0,0,0,-10,-55,-1174.68,2202.658,891.21
26/08/2024,0,0,0,3269.57,-49,-24,-1150,-78,-12.6,0,-5.49,0,-76.8,0,0,-42.9,-98.28,0,0,0,-44.99,-38.38,-249.17,3851.788,0
02/09/2024,0,0,0,0,-60.95,-9,0,0,-9.8,0,0,0,-14.15,0,0,0,-18,-500,0,0,0,-118.9,-212.8,3120.988,0
09/09/2024,0,0,0,0,-58.7,-6,0,0,-15.1,0,0,0,0,0,0,-20,-18,0,0,0,0,-426.24,-526.04,2576.948,0
16/09/2024,0,0,0,0,-48.54,-14.03,0,0,-8.75,0,0,-49.99,-14.2,0,0,0,-18,0,0,0,-30,-12.5,-148.01,2380.938,0
23/09/2024,0,0,0,0,-10.13,-6,0,0,-12.6,0,0,0,-39.6,-44.5,0,-21.4,0,0,0,0,-93.5,0,-89.73,2153.208,0
30/09/2024,0,0,0,3269.57,-38,0,-1150,-78,-453.8,0,0,0,-15.39,0,0,0,-114.48,0,0,0,-34.99,-43.48,-550.67,3494.638,0
07/10/2024,0,0,0,0,-77.6,-5.5,0,0,-11.55,0,0,0,-12.15,0,0,-24.4,-18,-500,0,0,0,-10.5,-141.7,2834.938,0
14/10/2024,0,0,0,0,-86.8,-10,0,0,-66,0,0,0,-21.65,0,0,-16.2,-18,0,0,0,0,-30,-230.65,2586.288,0
21/10/2024,0,0,0,0,-15.65,-10.75,0,0,-135,0,0,-45,-24.9,0,0,-30.78,-18,0,0,0,0,-13.5,-275.58,2292.708,0
28/10/2024,0,0,0,3691.68,-50.05,0,-1150,-78,-3.5,-28.36,0,0,-15.9,0,0,-19.2,-129.53,0,0,0,-34.99,-53.36,-275.93,4315.938,105.56
04/11/2024,0,0,0,0,-64.9,0,0,0,-39.4,0,0,-17.99,-241.25,0,0,-23.4,-18,-500,0,0,0,-44.58,-431.52,3366.418,0
11/11/2024,0,0,0,0,-13.1,-21.5,0,0,-30,0,0,0,-81.15,0,0,-18.6,-18,0,0,0,0,0,-164.35,3184.068,0
18/11/2024,0,0,0,0,-94.45,-10.25,0,0,-40.5,-23.55,0,0,-13.5,-33.45,0,0,-18,0,0,0,0,-36.67,-218.92,2913.698,0
25/11/2024,0,0,0,3269.57,-62.06,-20.6,-1150,-78,-619.9,0,0,0,0,0,0,-19.4,-135.53,-500,0,0,-44.99,-131.97,-853.93,3420.818,0
02/12/2024,0,0,0,0,-46.17,-15.05,0,0,-96,0,-7.99,0,0,0,0,-38.18,-18,-500,0,0,0,-73.97,-277.36,2625.458,0
09/12/2024,0,0,0,0,-63.34,-23.8,0,0,-7.35,0,0,0,-7.4,0,-32.15,-30,-18,0,0,0,0,-29.53,-193.57,2413.888,0
16/12/2024,0,0,0,0,-87.98,-9.69,0,0,-7,0,-2.99,0,-28.3,-18.95,0,-18.8,-18,-250,0,0,-75,-144.48,-545.16,1506.778,245.92
23/12/2024,0,0,0,0,-22.8,0,-1150,-78,-81.9,0,-10.99,-25.42,-103.54,0,0,0,0,0,0,0,-10,-95.99,-340.64,-71.8619999999994,0
30/12/2024,0,0,0,3391.25,-74.21,0,0,0,-20,0,0,-6.7,-47.5,0,0,-55,-97.53,-500,0,0,-34.99,-383.94,-587.35,2099.518,0
06/01/2025,0,0,0,0,-57.88,-4.25,0,0,-10.85,0,-3.99,0,-3.8,0,0,-32,-18,0,0,0,-10,0,-112.77,1958.748,0
13/01/2025,0,0,0,0,-61.35,-11.8,0,0,-10.85,0,0,0,-4.1,0,0,-38.44,-18,0,0,0,-10,-115.96,-242.5,1688.248,0
20/01/2025,0,0,0,0,-75.97,-22.63,0,0,-18.75,0,0,-29.99,-114.81,0,0,0,-18,0,0,0,0,-46.29,-308.44,1361.808,0
27/01/2025,0,0,0,3669.11,-48.07,0,-1150,-78,-9.8,0,0,0,-11.75,0,0,-29.5,-120.29,0,0,0,-44.99,-43.98,-143.1,3494.538,0
03/02/2025,0,0,0,0,-74.97,0,0,0,-5.25,0,-5.71,0,-17.51,-89.99,0,-24.74,-18,-750,0,0,-10,-19.68,-147.86,2478.688,0
10/02/2025,0,0,0,0,-50.18,-5.2,0,0,-21.7,0,0,0,-65.99,0,0,-40.4,-18,0,0,0,-10,-38.49,-221.96,2228.728,0
17/02/2025,0,0,0,0,-66,0,0,0,-23.45,0,0,0,-13,0,0,-29.5,-18,0,0,0,0,-35.75,-598.75,1611.978,431.05
24/02/2025,0,0,0,3269.17,-58.6,0,-1150,-78,-29.35,0,-10.02,0,-26.65,-30,-57,-41.95,-105.32,0,0,0,-94.83,-81.98,-305.55,3117.448,0
03/03/2025,0,0,0,0,-51.3,0,0,0,-26.7,-29.73,0,-4.99,-55.32,0,0,-37.2,-18,-500,0,0,-14,0,-205.24,2380.208,0
10/03/2025,0,0,0,0,-95.26,-10.5,0,0,-18.55,0,0,-112,-67.38,0,0,-6.5,-18,0,0,0,0,-14,-178.68,2183.528,-145.51
17/03/2025,0,109.45,0,0,-70.19,-29.75,0,0,-239.3,0,0,0,-8.3,0,0,0,-18,0,0,0,0,0,-347.54,1927.438,0
24/03/2025,0,0,0,0,-53.62,-10.4,-1150,-82,-144.85,0,0,0,-32.94,0,0,-29.65,-18,0,0,0,-10,-6.99,-278.45,388.988000000001,0
31/03/2025,0,0,0,3269.57,-31.72,-6.7,0,0,-690.3,0,0,-116,0,0,0,-12.5,-111.04,-250,0,0,-34.99,-53.98,-911.2,2351.328,0
07/04/2025,0,388,0,0,-87.75,-10.5,0,0,-56.25,0,0,0,-10.95,0,0,-16.85,0,-500,0,0,0,-65,-247.3,1992.028,0
14/04/2025,0,0,0,0,-64.92,-3.75,0,0,-677.1,0,0,0,-11.7,0,0,-82.35,-18,0,0,0,0,-74.9,-914.72,1059.308,0
21/04/2025,0,0,0,0,-68.45,-11.5,0,0,-17,0,0,0,-8.5,0,0,-22.6,-18,0,0,0,-10,0,-793.05,238.258000000001,665
28/04/2025,0,0,0,3278.58,-73.95,-12.68,-1150,-82,-32.25,0,0,0,-12,0,-26.8,-64.7,-139.18,-500,0,0,-34.99,-92.98,-315.36,1295.308,0
05/05/2025,0,0,0,0,-61.58,-19.4,-323.15,0,-3.5,0,0,-5.3,0,-40,0,-30.9,-18,0,0,0,0,-22.5,-143.18,770.978000000001,0
12/05/2025,0,0,0,0,-55.69,-15.9,0,0,-28.95,0,0,0,-6.15,0,0,-46.7,-18,0,0,0,0,-20,-73.39,679.588000000001,-100
19/05/2025,0,0,0,0,-88.8,-13.5,-2542.5,0,-25.25,0,0,0,-61.96,-31,0,-20,0,0,0,0,0,-125,-334.51,-2228.422,0
26/05/2025,0,0,0,3415.66,-55.93,-12.35,0,0,-70.09,0,0,0,-7.35,-243,-66.24,-14.3,-87.5,-500,0,0,-45,-94.87,-321.13,-9.39199999999892,0
02/06/2025,0,0,0,0,-1.58,-10.67,0,0,-391.27,0,0,0,0,-21.84,0,0,-69.66,0,0,0,0,-58.97,-462.49,-563.381999999999,0
09/06/2025,0,0,0,0,-61.18,0,0,0,-83,0,0,0,-43.5,0,0,0,-33.38,0,0,0,-54.11,0,-406.24,-1057.112,218.56
16/06/2025,0,1482.5,0,0,-92.57,0,0,0,-137.44,0,0,-21,0,0,0,0,0,0,0,0,0,-232.58,-483.59,-58.201999999999,0
23/06/2025,0,0,0,0,-36.45,-7.99,-1250,0,-24.69,0,0,0,-64.48,0,0,0,-46.25,0,0,0,0,0,-250.08,-1604.532,116.47
30/06/2025,0,0,0,6617.44,-26.87,-18.17,0,0,-325.9,0,0,0,-4.1,0,0,0,-84.21,-1000,0,0,-34.99,-49.55,-424.59,3469.118,0
07/07/2025,0,0,0,0,-52.38,-44.89,0,0,-7.5,0,0,-16,-18.2,0,0,0,0,-1100,0,0,0,-106.5,-245.47,2123.648,0
14/07/2025,0,0,0,0,-111.72,-14.25,0,0,-15,0,0,-84.99,-19.3,-30,0,-42.1,-37,0,0,0,0,0,-330.14,1726.508,42.78
21/07/2025,0,0,0,0,-75.65,-12.25,-1250,-120,-84.6,0,0,0,-151.41,0,0,-29.6,-189.5,0,0,0,0,0,-353.51,-186.502,0
28/07/2025,0,0,-72.2,3572.69,-64.16,-17.19,0,0,-17.3,0,0,0,0,0,0,-38.9,-34,0,-400.48,0,-34.99,-69.95,-247.5,2597.018,40
04/08/2025,0,0,-14,0,-87.56,-3.5,0,0,-10.5,0,0,0,-41.79,-55,0,0,0,-1000,0,0,0,-105,-248.35,1279.668,0
11/08/2025,0,0,0,0,-62.13,-3.6,0,0,-120.59,0,-10.3,0,0,0,0,29.2,0,0,0,0,0,0,-167.42,1112.248,0
18/08/2025,0,0,46.15,0,-37.29,-24.85,-1250,-120,-65.4,0,0,0,-82.7,0,0,-70.14,0,0,0,0,-81,0,-280.38,-572.982,0
25/08/2025,0,56.45,-8.13,3572.68,-138.71,0,0,0,-15.9,0,0,0,-44.65,0,0,-18.65,-61.71,0,0,0,0,0,-217.91,2768.398,0
01/09/2025,0,0,-29.47,0,-15.55,0,0,0,-532.6,0,0,0,0,0,0,-31,-34,-1000,0,0,-127.49,-639.16,-1218.31,359.128,0
08/09/2025,0,0,0,0,-118.18,0,0,0,-21.6,-28.25,0,0,-3.8,0,0,0,0,0,0,0,0,-293.66,-465.49,-106.362,0
15/09/2025,0,0,7.32,0,-26.5,-2.49,-1250,-120,-171.3,0,0,0,-11.6,0,-47.25,-82.19,0,0,0,0,0,0,-509.06,-1978.102,167.73
22/09/2025,0,0,0,0,-99.15,-5.78,0,0,-21,0,0,0,0,0,0,-19.2,-47.37,0,0,0,0,-10,-155.13,-2180.602,0
29/09/2025,0,0,10.4,3601.2,-104.64,-3.5,0,0,-17.6,0,0,0,-38.92,0,0,-13.3,-34,0,-250.7,0,0,-44.97,-222.93,923.368,0
06/10/2025,0,0,0,0,-85.88,-3.5,0,0,-895.66,0,0,0,-16.7,-25,0,-24.7,0,0,0,0,0,-13.84,-1040.28,-141.912,0
13/10/2025,0,0,0,0,-50.6,-23.14,0,0,-51.1,-9.99,0,0,-89.19,0,0,-27.55,0,0,0,0,0,-24.48,-276.05,-417.962,0
20/10/2025,0,0,0,0,0,0,-1250,-120,-389.47,0,0,0,0,0,0,0,-66.41,0,0,0,0,0,-389.47,-2243.842,0
27/10/2025,0,0,15.89,3513.83,0,0,0,0,-350,0,0,0,0,0,0,0,-34,0,0,0,0,-58.82,-408.82,843.058,0
03/11/2025,0,0,0,0,0,0,0,0,-130,0,0,0,0,0,0,0,-22.57,0,0,0,-117.4,0,-130,573.088,0
10/11/2025,0,0,0,0,-90.75,0,0,0,-337.5,0,0,0,-27.45,-29.11,0,0,0,0,0,0,0,-44.5,-502.28,41.6979999999996,2.08
17/11/2025,0,0,29.52,0,-98.76,0,-1250,-120,-134.3,0,-10.48,0,-25.6,0,0,0,0,0,0,0,-75,-110,-379.14,-1752.922,0
24/11/2025,0,0,0,3513.82,-72.35,-17.65,0,0,-64.5,0,0,0,-77.55,-121.98,0,-14.6,-26.38,0,0,0,-350,-34.9,-191.33,1071.208,-90.22
01/12/2025,0,0,7.49,0,-96,-7.15,0,0,-67.1,0,-2.99,0,-14.1,-22,0,-28.6,-34,0,-50,0,0,-139.97,-355.91,616.788,0
08/12/2025,0,0,0,0,-67.79,-5.74,0,0,-43,0,0,0,-32.6,0,0,-18.3,0,0,0,0,0,-277.85,-445.28,171.508,0
15/12/2025,0,0,0,0,-87.56,-5,0,0,-12.7,0,0,0,-8.35,0,0,-43.35,0,0,0,0,-35,-200.46,-357.42,-220.912,0
22/12/2025,0,0,0,0,-41.09,-24.55,-1250,-120,-115,0,0,-46.45,0,0,0,0,-61.29,0,0,0,0,-215.34,-556.99,-2209.192,114.56
29/12/2025,0,0,0,3513.82,-107.99,-21,0,0,-38.8,0,-9.98,0,-87.6,0,0,-12,-121.5,0,0,0,0,-78.22,-355.59,827.538000000001,0
05/01/2026,,0,0,0,-27.75,-96.35,0,0,-72.1,0,0,0,-113.85,0,0,-6.5,-40.2,0,0,,0,0,-316.55,470.788000000001,0
12/01/2026,,33,0,0,-107.62,-8.7,0,0,-29.15,0,0,0,-7.8,0,0,-28.8,0,0,0,,0,-28.42,-210.49,293.298000000001,0
19/01/2026,,0,10.61,0,-65.41,0,-900,-120,-35.55,0,0,0,-8.1,0,0,0,-86.25,0,0,,0,0,-109.06,-911.401999999999,0
26/01/2026,,0,0,3843.05,-81.48,-20.85,0,0,-214.14,0,0,-14.25,-52.53,0,0,0,-34,0,0,,0,-44.97,-358.21,2539.438,-70.01
02/02/2026,,0,0,0,-84.97,-22.26,0,0,-286.53,0,-8.77,0,-20.7,-25,0,0,0,0,0,,0,0,-423.23,2091.208,0
09/02/2026,,0,0,0,-85.88,-5,0,0,-80.9,0,0,0,0,0,0,-16.2,0,0,0,,-130,-53.19,-381.65,1579.558,140.48
16/02/2026,,0,-45.46,0,-108.39,-8.89,-900,-120,-37.15,0,0,0,-13.55,0,0,-11.6,-30,0,0,,0,0,-179.58,304.518000000001,0
23/02/2026,,0,0,3513.82,-87.36,-19.59,0,0,-68.65,0,0,-37.7,-9.2,0,0,-22.2,-100.27,0,0,,0,-44.97,-316.6,3401.468,26.93
02/03/2026,,0,0,0,-56.25,-9.75,0,0,-67.5,0,0,0,-66.01,0,0,0,-24,0,0,,0,-338.54,-538.05,2839.418,0
09/03/2026,,0,4.55,0,-110.21,0,0,0,-69.2,0,0,-73.3,-3.8,0,-26.84,-15.4,0,0,0,,0,0,-298.75,2545.218,0
16/03/2026,,0,18.41,0,-116.01,0,-900,-120,-627.85,0,-53.97,0,-17.35,0,0,-26.4,-30,0,0,,0,0,-841.58,672.048,0
23/03/2026,,0,0,0,-53.82,0,0,0,-24.05,-26.92,0,0,-55.05,0,0,-13,-54.78,0,0,,0,0,-172.84,444.428,0
30/03/2026,,0,0,3635.82,-67.91,-4.98,0,0,-48.4,0,0,0,-102.94,-75,0,-21.61,-59.8,0,0,,-92.99,-141.13,-386.97,3465.488,0
06/04/2026,,0,0,0,-81.65,0,0,0,-48.3,0,0,0,-157.21,0,0,-31.95,0,0,0,,0,-10,-329.11,3136.378,0
13/04/2026,,0,-73.65,0,-64.9,0,0,0,-22.3,-38.74,0,0,-50.59,0,0,-44.2,-32.25,0,0,,0,0,-220.73,2809.748,0
20/04/2026,,0,25.04,0,-71.91,0,-900,-120,-18.5,0,0,0,-47.07,0,0,-25.78,-51.63,0,0,,0,-16.23,-179.49,1583.668,0
27/04/2026,,0,0,3519.83,-87.55,-10.49,0,0,-26.7,0,0,0,-120.74,0,0,-14.35,-71.39,0,0,,0,-86,-345.83,4686.278,0
04/05/2026,,0,0,0,-41.51,-5.49,0,0,-24.3,0,0,0,-18.9,-30.5,0,-12.1,0,0,0,,0,-215,-317.3,4338.478,0
11/05/2026,,0,0,0,-22.5,0,0,0,-597.69,0,-41.8,0,0,0,0,0,0,0,0,,0,-15.7,-677.69,3660.788,0
18/05/2026,,0,-438.58,0,-210.15,-17.6,-900,-120,-38,0,0,0,-33.5,-193,0,-37.15,0,0,0,,-10,0,-336.4,1662.808,0
25/05/2026,,0,0,3587.72,-179.73,0,0,0,-42.5,0,0,0,-29.4,-25,-55.4,-24.08,-97.77,0,0,,0,-280.93,-959.05,4168.708,347.01
01/06/2026,,0,0,0,-126.61,-9.2,0,0,-275.3,0,0,0,-43.9,0,0,0,0,0,0,,0,-9.98,-464.99,3703.718,0
08/06/2026,,0,0,0,-7.35,-7,0,0,-12.3,-8.99,0,0,-14.7,0,-23.5,-65,0,0,0,,0,-84.99,-223.83,3479.888,0
15/06/2026,,0,19.68,0,-103.55,-8.25,0,0,-5.6,0,0,0,-93.11,0,0,-16.65,0,0,0,,0,-22.5,-249.66,3249.908,0
22/06/2026,,0,0,0,-13,-11.95,-900,-120,-27.7,0,0,0,-7.8,0,0,-7.4,-52.5,0,0,,0,-21.5,-89.35,2088.058,0
29/06/2026,,0,0,3704.52,0,0,0,0,-902.95,0,0,0,0,-160,0,0,-85,0,0,,0,-44.97,-947.92,4599.658,0
06/07/2026,,0,0,0,-91.4,0,0,0,-75.5,0,0,0,-14.7,0,0,0,0,0,0,,0,-329.42,-511.02,4088.638,0
13/07/2026,,0,0,0,-63.95,-21,0,0,-53,0,0,0,-26.4,0,-83.42,-13.7,0,0,0,,0,-41.25,-302.72,3785.918,0
20/07/2026,,0,0,0,-102.37,-15,-900,-120,-34.6,0,0,0,-50.26,0,-49.5,-24.5,-117.44,0,0,,0,0,-276.23,2372.248,0
27/07/2026,,0,0,4225.08,-96.78,-3.1,0,0,-35.7,0,0,-20.84,-58.94,0,0,-36.9,-34,0,0,,0,-44.97,-297.23,6266.098,0
03/08/2026,,-280.08,0,0,-122.81,-5.1,0,0,-60.79,0,-5.99,0,-26.6,0,0,-14.5,-32,0,0,,-15.22,-100,-335.79,5603.008,0
